map,algorithm,weight,steps,normalized_steps,optimality_ratio,success
AR0016SR,W-SIPP Dupl,1.1,131,1.8714285714285714,1.0,true
AR0016SR,W-SIPP Re-exp,1.1,70,1.0,1.0,true
AR0016SR,Focal SIPP,1.1,51,0.7285714285714285,1.0,true
AR0016SR,W-SIPP Dupl,1.25,101,1.4428571428571428,1.0,true
AR0016SR,W-SIPP Re-exp,1.25,61,0.8714285714285714,1.0,true
AR0016SR,Focal SIPP,1.25,45,0.6428571428571429,1.0,true
AR0016SR,W-SIPP Dupl,1.5,40,0.5714285714285714,1.0,true
AR0016SR,W-SIPP Re-exp,1.5,44,0.6285714285714286,1.0,true
AR0016SR,Focal SIPP,1.5,61,0.8714285714285714,1.0,true
AR0016SR,W-SIPP Dupl,2.0,33,0.4714285714285714,1.0,true
AR0016SR,W-SIPP Re-exp,2.0,33,0.4714285714285714,1.0,true
AR0016SR,Focal SIPP,2.0,45,0.6428571428571429,1.5217391304347827,true
AR0016SR,W-SIPP Dupl,4.0,51,0.7285714285714285,1.5217391304347827,true
AR0016SR,W-SIPP Re-exp,4.0,59,0.8428571428571429,1.0,true
AR0016SR,Focal SIPP,4.0,45,0.6428571428571429,1.5217391304347827,true
AR0016SR,W-SIPP Dupl,1.1,3963,1.7222946544980444,1.0,true
AR0016SR,W-SIPP Re-exp,1.1,2174,0.944806605823555,1.0,true
AR0016SR,Focal SIPP,1.1,2195,0.9539330725771403,1.0,true
AR0016SR,W-SIPP Dupl,1.25,3179,1.3815732290308562,1.0,true
AR0016SR,W-SIPP Re-exp,1.25,1879,0.8166014776184267,1.0,true
AR0016SR,Focal SIPP,1.25,1547,0.672316384180791,1.0,true
AR0016SR,W-SIPP Dupl,1.5,2204,0.9578444154715341,1.0,true
AR0016SR,W-SIPP Re-exp,1.5,1490,0.6475445458496306,1.0,true
AR0016SR,Focal SIPP,1.5,2454,1.0664928292046936,1.0,true
AR0016SR,W-SIPP Dupl,2.0,1156,0.5023902651021295,1.0,true
AR0016SR,W-SIPP Re-exp,2.0,984,0.4276401564537158,1.0,true
AR0016SR,Focal SIPP,2.0,1984,0.8622338113863538,1.0,true
AR0016SR,W-SIPP Dupl,4.0,226,0.09821816601477619,1.0,true
AR0016SR,W-SIPP Re-exp,4.0,324,0.1408083441981747,1.0,true
AR0016SR,Focal SIPP,4.0,55,0.023902651021295088,1.0298507462686568,true
AR0016SR,W-SIPP Dupl,1.1,90,1.0112359550561798,1.0,true
AR0016SR,W-SIPP Re-exp,1.1,90,1.0112359550561798,1.0,true
AR0016SR,Focal SIPP,1.1,46,0.5168539325842697,1.048780487804878,true
AR0016SR,W-SIPP Dupl,1.25,109,1.2247191011235956,1.0,true
AR0016SR,W-SIPP Re-exp,1.25,109,1.2247191011235956,1.0,true
AR0016SR,Focal SIPP,1.25,46,0.5168539325842697,1.048780487804878,true
AR0016SR,W-SIPP Dupl,1.5,160,1.797752808988764,1.0,true
AR0016SR,W-SIPP Re-exp,1.5,164,1.8426966292134832,1.0,true
AR0016SR,Focal SIPP,1.5,46,0.5168539325842697,1.048780487804878,true
AR0016SR,W-SIPP Dupl,2.0,254,2.853932584269663,1.0,true
AR0016SR,W-SIPP Re-exp,2.0,276,3.101123595505618,1.0,true
AR0016SR,Focal SIPP,2.0,46,0.5168539325842697,1.048780487804878,true
AR0016SR,W-SIPP Dupl,4.0,499,5.606741573033708,1.8048780487804879,true
AR0016SR,W-SIPP Re-exp,4.0,528,5.932584269662922,1.7804878048780488,true
AR0016SR,Focal SIPP,4.0,46,0.5168539325842697,1.048780487804878,true
AR0016SR,W-SIPP Dupl,1.1,5258,1.7957650273224044,1.0,true
AR0016SR,W-SIPP Re-exp,1.1,2767,0.9450136612021858,1.0,true
AR0016SR,Focal SIPP,1.1,2803,0.957308743169399,1.0,true
AR0016SR,W-SIPP Dupl,1.25,4322,1.4760928961748634,1.0,true
AR0016SR,W-SIPP Re-exp,1.25,2474,0.8449453551912568,1.0,true
AR0016SR,Focal SIPP,1.25,2231,0.7619535519125683,1.0,true
AR0016SR,W-SIPP Dupl,1.5,3126,1.0676229508196722,1.0,true
AR0016SR,W-SIPP Re-exp,1.5,2048,0.6994535519125683,1.0,true
AR0016SR,Focal SIPP,1.5,1948,0.6653005464480874,1.0,true
AR0016SR,W-SIPP Dupl,2.0,1786,0.6099726775956285,1.0,true
AR0016SR,W-SIPP Re-exp,2.0,1470,0.5020491803278688,1.0,true
AR0016SR,Focal SIPP,2.0,1369,0.46755464480874315,1.0,true
AR0016SR,W-SIPP Dupl,4.0,346,0.11816939890710383,1.0,true
AR0016SR,W-SIPP Re-exp,4.0,375,0.12807377049180327,1.0,true
AR0016SR,Focal SIPP,4.0,40,0.01366120218579235,1.0,true
AR0016SR,W-SIPP Dupl,1.1,998,1.6972789115646258,1.0,true
AR0016SR,W-SIPP Re-exp,1.1,543,0.923469387755102,1.0,true
AR0016SR,Focal SIPP,1.1,581,0.9880952380952381,1.0,true
AR0016SR,W-SIPP Dupl,1.25,825,1.403061224489796,1.0,true
AR0016SR,W-SIPP Re-exp,1.25,485,0.8248299319727891,1.0,true
AR0016SR,Focal SIPP,1.25,529,0.8996598639455783,1.0,true
AR0016SR,W-SIPP Dupl,1.5,607,1.032312925170068,1.0,true
AR0016SR,W-SIPP Re-exp,1.5,394,0.6700680272108843,1.0,true
AR0016SR,Focal SIPP,1.5,519,0.8826530612244898,1.196078431372549,true
AR0016SR,W-SIPP Dupl,2.0,424,0.7210884353741497,1.0,true
AR0016SR,W-SIPP Re-exp,2.0,342,0.5816326530612245,1.0,true
AR0016SR,Focal SIPP,2.0,53,0.09013605442176871,1.0,true
AR0016SR,W-SIPP Dupl,4.0,181,0.3078231292517007,1.0,true
AR0016SR,W-SIPP Re-exp,4.0,236,0.4013605442176871,1.0,true
AR0016SR,Focal SIPP,4.0,51,0.08673469387755102,1.196078431372549,true
AR0016SR,W-SIPP Dupl,1.1,3925,1.6702127659574468,1.0,true
AR0016SR,W-SIPP Re-exp,1.1,2113,0.8991489361702127,1.0,true
AR0016SR,Focal SIPP,1.1,2569,1.093191489361702,1.0,true
AR0016SR,W-SIPP Dupl,1.25,2950,1.2553191489361701,1.0,true
AR0016SR,W-SIPP Re-exp,1.25,1772,0.7540425531914894,1.0,true
AR0016SR,Focal SIPP,1.25,2852,1.2136170212765958,1.0,true
AR0016SR,W-SIPP Dupl,1.5,1504,0.64,1.0,true
AR0016SR,W-SIPP Re-exp,1.5,1141,0.485531914893617,1.0,true
AR0016SR,Focal SIPP,1.5,799,0.34,1.0,true
AR0016SR,W-SIPP Dupl,2.0,537,0.22851063829787235,1.0,true
AR0016SR,W-SIPP Re-exp,2.0,584,0.24851063829787234,1.0,true
AR0016SR,Focal SIPP,2.0,3388,1.4417021276595745,1.0,true
AR0016SR,W-SIPP Dupl,4.0,245,0.10425531914893617,1.0,true
AR0016SR,W-SIPP Re-exp,4.0,256,0.10893617021276596,1.0,true
AR0016SR,Focal SIPP,4.0,72,0.030638297872340424,1.0,true
AR0016SR,W-SIPP Dupl,1.1,2450,1.6792323509252913,1.0,true
AR0016SR,W-SIPP Re-exp,1.1,1343,0.9204934886908842,1.0,true
AR0016SR,Focal SIPP,1.1,1637,1.1220013708019192,1.0,true
AR0016SR,W-SIPP Dupl,1.25,1665,1.1411925976696367,1.0,true
AR0016SR,W-SIPP Re-exp,1.25,1053,0.7217272104180946,1.0,true
AR0016SR,Focal SIPP,1.25,1473,1.0095956134338588,1.0,true
AR0016SR,W-SIPP Dupl,1.5,1086,0.744345442083619,1.0,true
AR0016SR,W-SIPP Re-exp,1.5,779,0.5339273474982865,1.0,true
AR0016SR,Focal SIPP,1.5,638,0.43728581220013707,1.0,true
AR0016SR,W-SIPP Dupl,2.0,462,0.31665524331734063,1.0,true
AR0016SR,W-SIPP Re-exp,2.0,511,0.35023989033584646,1.0,true
AR0016SR,Focal SIPP,2.0,1880,1.2885538039753255,1.0,true
AR0016SR,W-SIPP Dupl,4.0,140,0.09595613433858807,1.0,true
AR0016SR,W-SIPP Re-exp,4.0,176,0.12063056888279644,1.0,true
AR0016SR,Focal SIPP,4.0,71,0.04866346812885538,1.0,true
AR0016SR,W-SIPP Dupl,1.1,339,0.7775229357798165,1.0,true
AR0016SR,W-SIPP Re-exp,1.1,331,0.7591743119266054,1.0,true
AR0016SR,Focal SIPP,1.1,498,1.1422018348623852,1.0,true
AR0016SR,W-SIPP Dupl,1.25,190,0.43577981651376146,1.013157894736842,true
AR0016SR,W-SIPP Re-exp,1.25,237,0.5435779816513762,1.0,true
AR0016SR,Focal SIPP,1.25,77,0.17660550458715596,1.013157894736842,true
AR0016SR,W-SIPP Dupl,1.5,120,0.27522935779816515,1.013157894736842,true
AR0016SR,W-SIPP Re-exp,1.5,113,0.2591743119266055,1.013157894736842,true
AR0016SR,Focal SIPP,1.5,77,0.17660550458715596,1.013157894736842,true
AR0016SR,W-SIPP Dupl,2.0,100,0.22935779816513763,1.013157894736842,true
AR0016SR,W-SIPP Re-exp,2.0,92,0.21100917431192662,1.013157894736842,true
AR0016SR,Focal SIPP,2.0,77,0.17660550458715596,1.013157894736842,true
AR0016SR,W-SIPP Dupl,4.0,97,0.22247706422018348,1.013157894736842,true
AR0016SR,W-SIPP Re-exp,4.0,95,0.21788990825688073,1.013157894736842,true
AR0016SR,Focal SIPP,4.0,77,0.17660550458715596,1.013157894736842,true
AR0016SR,W-SIPP Dupl,1.1,69,1.0,1.0,true
AR0016SR,W-SIPP Re-exp,1.1,69,1.0,1.0,true
AR0016SR,Focal SIPP,1.1,41,0.5942028985507246,1.0,true
AR0016SR,W-SIPP Dupl,1.25,71,1.0289855072463767,1.0,true
AR0016SR,W-SIPP Re-exp,1.25,71,1.0289855072463767,1.0,true
AR0016SR,Focal SIPP,1.25,41,0.5942028985507246,1.0,true
AR0016SR,W-SIPP Dupl,1.5,83,1.2028985507246377,1.0,true
AR0016SR,W-SIPP Re-exp,1.5,85,1.2318840579710144,1.0,true
AR0016SR,Focal SIPP,1.5,41,0.5942028985507246,1.0,true
AR0016SR,W-SIPP Dupl,2.0,94,1.3623188405797102,1.146341463414634,true
AR0016SR,W-SIPP Re-exp,2.0,106,1.536231884057971,1.146341463414634,true
AR0016SR,Focal SIPP,2.0,41,0.5942028985507246,1.0,true
AR0016SR,W-SIPP Dupl,4.0,195,2.8260869565217392,1.5365853658536586,true
AR0016SR,W-SIPP Re-exp,4.0,137,1.9855072463768115,1.1951219512195121,true
AR0016SR,Focal SIPP,4.0,41,0.5942028985507246,1.0,true
AR0016SR,W-SIPP Dupl,1.1,578,1.6011080332409973,1.0,true
AR0016SR,W-SIPP Re-exp,1.1,345,0.9556786703601108,1.0,true
AR0016SR,Focal SIPP,1.1,250,0.6925207756232687,1.0,true
AR0016SR,W-SIPP Dupl,1.25,438,1.2132963988919667,1.0,true
AR0016SR,W-SIPP Re-exp,1.25,317,0.8781163434903048,1.0,true
AR0016SR,Focal SIPP,1.25,67,0.18559556786703602,1.0,true
AR0016SR,W-SIPP Dupl,1.5,283,0.7839335180055401,1.0,true
AR0016SR,W-SIPP Re-exp,1.5,288,0.7977839335180056,1.0,true
AR0016SR,Focal SIPP,1.5,67,0.18559556786703602,1.0,true
AR0016SR,W-SIPP Dupl,2.0,265,0.7340720221606648,1.1194029850746268,true
AR0016SR,W-SIPP Re-exp,2.0,276,0.7645429362880887,1.0,true
AR0016SR,Focal SIPP,2.0,67,0.18559556786703602,1.0,true
AR0016SR,W-SIPP Dupl,4.0,125,0.3462603878116344,1.1194029850746268,true
AR0016SR,W-SIPP Re-exp,4.0,139,0.3850415512465374,1.1194029850746268,true
AR0016SR,Focal SIPP,4.0,67,0.18559556786703602,1.0,true
AR0016SR,W-SIPP Dupl,1.1,193,1.4296296296296296,1.0,true
AR0016SR,W-SIPP Re-exp,1.1,135,1.0,1.0,true
AR0016SR,Focal SIPP,1.1,125,0.9259259259259259,1.0,true
AR0016SR,W-SIPP Dupl,1.25,185,1.3703703703703705,1.0,true
AR0016SR,W-SIPP Re-exp,1.25,135,1.0,1.0,true
AR0016SR,Focal SIPP,1.25,92,0.6814814814814815,1.0,true
AR0016SR,W-SIPP Dupl,1.5,176,1.3037037037037038,1.0,true
AR0016SR,W-SIPP Re-exp,1.5,134,0.9925925925925926,1.0,true
AR0016SR,Focal SIPP,1.5,92,0.6814814814814815,1.0,true
AR0016SR,W-SIPP Dupl,2.0,157,1.162962962962963,1.0,true
AR0016SR,W-SIPP Re-exp,2.0,131,0.9703703703703703,1.0,true
AR0016SR,Focal SIPP,2.0,92,0.6814814814814815,1.0,true
AR0016SR,W-SIPP Dupl,4.0,134,0.9925925925925926,1.0,true
AR0016SR,W-SIPP Re-exp,4.0,119,0.8814814814814815,1.0,true
AR0016SR,Focal SIPP,4.0,92,0.6814814814814815,1.0,true
AR0016SR,W-SIPP Dupl,1.1,1000,1.6666666666666667,1.0,true
AR0016SR,W-SIPP Re-exp,1.1,545,0.9083333333333333,1.0,true
AR0016SR,Focal SIPP,1.1,728,1.2133333333333334,1.0,true
AR0016SR,W-SIPP Dupl,1.25,657,1.095,1.0,true
AR0016SR,W-SIPP Re-exp,1.25,497,0.8283333333333334,1.0,true
AR0016SR,Focal SIPP,1.25,574,0.9566666666666667,1.0,true
AR0016SR,W-SIPP Dupl,1.5,262,0.43666666666666665,1.0,true
AR0016SR,W-SIPP Re-exp,1.5,348,0.58,1.0,true
AR0016SR,Focal SIPP,1.5,63,0.105,1.0,true
AR0016SR,W-SIPP Dupl,2.0,104,0.17333333333333334,1.0,true
AR0016SR,W-SIPP Re-exp,2.0,112,0.18666666666666668,1.0,true
AR0016SR,Focal SIPP,2.0,63,0.105,1.0,true
AR0016SR,W-SIPP Dupl,4.0,81,0.135,1.0,true
AR0016SR,W-SIPP Re-exp,4.0,80,0.13333333333333333,1.0,true
AR0016SR,Focal SIPP,4.0,63,0.105,1.0,true
AR0016SR,W-SIPP Dupl,1.1,5399,1.7500810372771476,1.0,true
AR0016SR,W-SIPP Re-exp,1.1,2871,0.9306320907617504,1.0,true
AR0016SR,Focal SIPP,1.1,3264,1.0580226904376013,1.0,true
AR0016SR,W-SIPP Dupl,1.25,3942,1.2777957860615883,1.0,true
AR0016SR,W-SIPP Re-exp,1.25,2501,0.8106969205834684,1.0,true
AR0016SR,Focal SIPP,1.25,4526,1.4670988654781199,1.0,true
AR0016SR,W-SIPP Dupl,1.5,1848,0.5990275526742301,1.0,true
AR0016SR,W-SIPP Re-exp,1.5,2269,0.7354943273905997,1.0,true
AR0016SR,Focal SIPP,1.5,4327,1.4025931928687196,1.0,true
AR0016SR,W-SIPP Dupl,2.0,499,0.16175040518638573,1.0,true
AR0016SR,W-SIPP Re-exp,2.0,638,0.20680713128038897,1.0,true
AR0016SR,Focal SIPP,2.0,105,0.03403565640194489,1.0,true
AR0016SR,W-SIPP Dupl,4.0,183,0.0593192868719611,1.0,true
AR0016SR,W-SIPP Re-exp,4.0,292,0.0946515397082658,1.0,true
AR0016SR,Focal SIPP,4.0,105,0.03403565640194489,1.0,true
AR0016SR,W-SIPP Dupl,1.1,577,1.435323383084577,1.0,true
AR0016SR,W-SIPP Re-exp,1.1,329,0.818407960199005,1.0,true
AR0016SR,Focal SIPP,1.1,437,1.0870646766169154,1.0,true
AR0016SR,W-SIPP Dupl,1.25,397,0.9875621890547264,1.0,true
AR0016SR,W-SIPP Re-exp,1.25,292,0.7263681592039801,1.0,true
AR0016SR,Focal SIPP,1.25,45,0.11194029850746269,1.0,true
AR0016SR,W-SIPP Dupl,1.5,174,0.43283582089552236,1.0,true
AR0016SR,W-SIPP Re-exp,1.5,232,0.5771144278606966,1.0,true
AR0016SR,Focal SIPP,1.5,43,0.10696517412935323,1.2127659574468086,true
AR0016SR,W-SIPP Dupl,2.0,766,1.9054726368159205,1.3191489361702127,true
AR0016SR,W-SIPP Re-exp,2.0,401,0.9975124378109452,1.0,true
AR0016SR,Focal SIPP,2.0,43,0.10696517412935323,1.2127659574468086,true
AR0016SR,W-SIPP Dupl,4.0,228,0.5671641791044776,1.5106382978723405,true
AR0016SR,W-SIPP Re-exp,4.0,546,1.3582089552238805,1.5106382978723405,true
AR0016SR,Focal SIPP,4.0,43,0.10696517412935323,1.2127659574468086,true
AR0016SR,W-SIPP Dupl,1.1,494,1.5732484076433122,1.0,true
AR0016SR,W-SIPP Re-exp,1.1,297,0.945859872611465,1.0,true
AR0016SR,Focal SIPP,1.1,182,0.5796178343949044,1.0,true
AR0016SR,W-SIPP Dupl,1.25,321,1.0222929936305734,1.0294117647058822,true
AR0016SR,W-SIPP Re-exp,1.25,244,0.7770700636942676,1.0294117647058822,true
AR0016SR,Focal SIPP,1.25,69,0.2197452229299363,1.0294117647058822,true
AR0016SR,W-SIPP Dupl,1.5,203,0.6464968152866242,1.0294117647058822,true
AR0016SR,W-SIPP Re-exp,1.5,201,0.6401273885350318,1.0294117647058822,true
AR0016SR,Focal SIPP,1.5,69,0.2197452229299363,1.0294117647058822,true
AR0016SR,W-SIPP Dupl,2.0,191,0.60828025477707,1.0588235294117647,true
AR0016SR,W-SIPP Re-exp,2.0,178,0.5668789808917197,1.0294117647058822,true
AR0016SR,Focal SIPP,2.0,69,0.2197452229299363,1.0294117647058822,true
AR0016SR,W-SIPP Dupl,4.0,198,0.6305732484076433,1.1470588235294117,true
AR0016SR,W-SIPP Re-exp,4.0,200,0.6369426751592356,1.0294117647058822,true
AR0016SR,Focal SIPP,4.0,69,0.2197452229299363,1.0294117647058822,true
AR0016SR,W-SIPP Dupl,1.1,221,0.7245901639344262,1.0,true
AR0016SR,W-SIPP Re-exp,1.1,221,0.7245901639344262,1.0,true
AR0016SR,Focal SIPP,1.1,64,0.2098360655737705,1.0,true
AR0016SR,W-SIPP Dupl,1.25,100,0.32786885245901637,1.0,true
AR0016SR,W-SIPP Re-exp,1.25,100,0.32786885245901637,1.0,true
AR0016SR,Focal SIPP,1.25,64,0.2098360655737705,1.0,true
AR0016SR,W-SIPP Dupl,1.5,68,0.22295081967213115,1.0,true
AR0016SR,W-SIPP Re-exp,1.5,68,0.22295081967213115,1.0,true
AR0016SR,Focal SIPP,1.5,64,0.2098360655737705,1.0,true
AR0016SR,W-SIPP Dupl,2.0,65,0.21311475409836064,1.0,true
AR0016SR,W-SIPP Re-exp,2.0,65,0.21311475409836064,1.0,true
AR0016SR,Focal SIPP,2.0,64,0.2098360655737705,1.0,true
AR0016SR,W-SIPP Dupl,4.0,64,0.2098360655737705,1.0,true
AR0016SR,W-SIPP Re-exp,4.0,64,0.2098360655737705,1.0,true
AR0016SR,Focal SIPP,4.0,64,0.2098360655737705,1.0,true
AR0016SR,W-SIPP Dupl,1.1,217,1.6194029850746268,1.0,true
AR0016SR,W-SIPP Re-exp,1.1,132,0.9850746268656716,1.0,true
AR0016SR,Focal SIPP,1.1,127,0.9477611940298507,1.0,true
AR0016SR,W-SIPP Dupl,1.25,174,1.2985074626865671,1.0,true
AR0016SR,W-SIPP Re-exp,1.25,115,0.8582089552238806,1.0,true
AR0016SR,Focal SIPP,1.25,49,0.3656716417910448,1.0,true
AR0016SR,W-SIPP Dupl,1.5,106,0.7910447761194029,1.0,true
AR0016SR,W-SIPP Re-exp,1.5,107,0.7985074626865671,1.0,true
AR0016SR,Focal SIPP,1.5,49,0.3656716417910448,1.0,true
AR0016SR,W-SIPP Dupl,2.0,74,0.5522388059701493,1.0196078431372548,true
AR0016SR,W-SIPP Re-exp,2.0,80,0.5970149253731343,1.0196078431372548,true
AR0016SR,Focal SIPP,2.0,49,0.3656716417910448,1.0,true
AR0016SR,W-SIPP Dupl,4.0,63,0.4701492537313433,1.0196078431372548,true
AR0016SR,W-SIPP Re-exp,4.0,65,0.48507462686567165,1.0196078431372548,true
AR0016SR,Focal SIPP,4.0,49,0.3656716417910448,1.0,true
AR0016SR,W-SIPP Dupl,1.1,6527,1.8547882921284455,1.0,true
AR0016SR,W-SIPP Re-exp,1.1,3375,0.959079283887468,1.0,true
AR0016SR,Focal SIPP,1.1,3535,1.0045467462347257,1.0,true
AR0016SR,W-SIPP Dupl,1.25,5733,1.629156010230179,1.0,true
AR0016SR,W-SIPP Re-exp,1.25,3171,0.9011082693947144,1.0,true
AR0016SR,Focal SIPP,1.25,3027,0.8601875532821824,1.0,true
AR0016SR,W-SIPP Dupl,1.5,4657,1.3233873259448707,1.0,true
AR0016SR,W-SIPP Re-exp,1.5,2804,0.796817277635692,1.0,true
AR0016SR,Focal SIPP,1.5,2419,0.6874111963626031,1.0,true
AR0016SR,W-SIPP Dupl,2.0,3064,0.8707019039499858,1.0,true
AR0016SR,W-SIPP Re-exp,2.0,2317,0.6584256891162262,1.0,true
AR0016SR,Focal SIPP,2.0,3557,1.0107985223074738,1.0,true
AR0016SR,W-SIPP Dupl,4.0,676,0.19210002841716398,1.0,true
AR0016SR,W-SIPP Re-exp,4.0,704,0.20005683432793409,1.0,true
AR0016SR,Focal SIPP,4.0,3721,1.0574026712134128,1.0,true
AR0016SR,W-SIPP Dupl,1.1,1451,1.6716589861751152,1.0,true
AR0016SR,W-SIPP Re-exp,1.1,777,0.8951612903225806,1.0,true
AR0016SR,Focal SIPP,1.1,835,0.9619815668202765,1.0,true
AR0016SR,W-SIPP Dupl,1.25,1044,1.2027649769585254,1.0,true
AR0016SR,W-SIPP Re-exp,1.25,646,0.7442396313364056,1.0,true
AR0016SR,Focal SIPP,1.25,1003,1.1555299539170507,1.0,true
AR0016SR,W-SIPP Dupl,1.5,415,0.478110599078341,1.0,true
AR0016SR,W-SIPP Re-exp,1.5,503,0.5794930875576036,1.0,true
AR0016SR,Focal SIPP,1.5,40,0.04608294930875576,1.0,true
AR0016SR,W-SIPP Dupl,2.0,167,0.1923963133640553,1.0,true
AR0016SR,W-SIPP Re-exp,2.0,254,0.2926267281105991,1.0,true
AR0016SR,Focal SIPP,2.0,40,0.04608294930875576,1.0,true
AR0016SR,W-SIPP Dupl,4.0,55,0.06336405529953917,1.0,true
AR0016SR,W-SIPP Re-exp,4.0,55,0.06336405529953917,1.0,true
AR0016SR,Focal SIPP,4.0,40,0.04608294930875576,1.0,true
AR0016SR,W-SIPP Dupl,1.1,5633,1.7724984266834487,1.0,true
AR0016SR,W-SIPP Re-exp,1.1,2989,0.9405286343612335,1.0,true
AR0016SR,Focal SIPP,1.1,2951,0.9285714285714286,1.0,true
AR0016SR,W-SIPP Dupl,1.25,4428,1.3933291378225299,1.0,true
AR0016SR,W-SIPP Re-exp,1.25,2601,0.8184392699811202,1.0,true
AR0016SR,Focal SIPP,1.25,3832,1.2057898049087477,1.0,true
AR0016SR,W-SIPP Dupl,1.5,2798,0.880427942101951,1.0,true
AR0016SR,W-SIPP Re-exp,1.5,2024,0.6368785399622404,1.0,true
AR0016SR,Focal SIPP,1.5,2384,0.750157331655129,1.0,true
AR0016SR,W-SIPP Dupl,2.0,1208,0.3801132787916929,1.0,true
AR0016SR,W-SIPP Re-exp,2.0,1339,0.42133417243549404,1.0,true
AR0016SR,Focal SIPP,2.0,5215,1.6409691629955947,1.0,true
AR0016SR,W-SIPP Dupl,4.0,247,0.0777218376337319,1.0,true
AR0016SR,W-SIPP Re-exp,4.0,351,0.1104468219005664,1.0,true
AR0016SR,Focal SIPP,4.0,55,0.017306482064191317,1.0,true
AR0016SR,W-SIPP Dupl,1.1,2332,1.550531914893617,1.0,true
AR0016SR,W-SIPP Re-exp,1.1,1406,0.9348404255319149,1.0,true
AR0016SR,Focal SIPP,1.1,1131,0.7519946808510638,1.0,true
AR0016SR,W-SIPP Dupl,1.25,1593,1.0591755319148937,1.0,true
AR0016SR,W-SIPP Re-exp,1.25,947,0.629654255319149,1.0,true
AR0016SR,Focal SIPP,1.25,756,0.5026595744680851,1.0,true
AR0016SR,W-SIPP Dupl,1.5,1114,0.7406914893617021,1.0,true
AR0016SR,W-SIPP Re-exp,1.5,731,0.48603723404255317,1.0,true
AR0016SR,Focal SIPP,1.5,713,0.4740691489361702,1.0,true
AR0016SR,W-SIPP Dupl,2.0,593,0.394281914893617,1.0,true
AR0016SR,W-SIPP Re-exp,2.0,539,0.3583776595744681,1.0,true
AR0016SR,Focal SIPP,2.0,74,0.04920212765957447,1.011764705882353,true
AR0016SR,W-SIPP Dupl,4.0,171,0.11369680851063829,1.0,true
AR0016SR,W-SIPP Re-exp,4.0,178,0.11835106382978723,1.0,true
AR0016SR,Focal SIPP,4.0,74,0.04920212765957447,1.011764705882353,true
AR0016SR,W-SIPP Dupl,1.1,2308,1.763177998472116,1.0,true
AR0016SR,W-SIPP Re-exp,1.1,1219,0.9312452253628725,1.0,true
AR0016SR,Focal SIPP,1.1,1939,1.481283422459893,1.0,true
AR0016SR,W-SIPP Dupl,1.25,1677,1.2811306340718105,1.0,true
AR0016SR,W-SIPP Re-exp,1.25,1121,0.8563789152024446,1.0,true
AR0016SR,Focal SIPP,1.25,2591,1.9793735676088617,1.0,true
AR0016SR,W-SIPP Dupl,1.5,308,0.23529411764705882,1.0,true
AR0016SR,W-SIPP Re-exp,1.5,356,0.2719633307868602,1.0,true
AR0016SR,Focal SIPP,1.5,61,0.04660045836516425,1.0,true
AR0016SR,W-SIPP Dupl,2.0,135,0.10313216195569137,1.0,true
AR0016SR,W-SIPP Re-exp,2.0,207,0.15813598166539344,1.0,true
AR0016SR,Focal SIPP,2.0,61,0.04660045836516425,1.0,true
AR0016SR,W-SIPP Dupl,4.0,78,0.059587471352177235,1.0,true
AR0016SR,W-SIPP Re-exp,4.0,78,0.059587471352177235,1.0,true
AR0016SR,Focal SIPP,4.0,61,0.04660045836516425,1.0,true
AR0016SR,W-SIPP Dupl,1.1,2291,1.6907749077490775,1.0,true
AR0016SR,W-SIPP Re-exp,1.1,1284,0.9476014760147602,1.0,true
AR0016SR,Focal SIPP,1.1,1694,1.2501845018450184,1.0,true
AR0016SR,W-SIPP Dupl,1.25,1683,1.2420664206642067,1.0,true
AR0016SR,W-SIPP Re-exp,1.25,1111,0.8199261992619926,1.0,true
AR0016SR,Focal SIPP,1.25,950,0.7011070110701108,1.0,true
AR0016SR,W-SIPP Dupl,1.5,892,0.6583025830258302,1.0,true
AR0016SR,W-SIPP Re-exp,1.5,774,0.5712177121771218,1.0,true
AR0016SR,Focal SIPP,1.5,765,0.5645756457564576,1.0833333333333333,true
AR0016SR,W-SIPP Dupl,2.0,546,0.4029520295202952,1.0,true
AR0016SR,W-SIPP Re-exp,2.0,533,0.3933579335793358,1.0,true
AR0016SR,Focal SIPP,2.0,105,0.07749077490774908,1.0595238095238095,true
AR0016SR,W-SIPP Dupl,4.0,245,0.18081180811808117,1.0,true
AR0016SR,W-SIPP Re-exp,4.0,213,0.15719557195571957,1.0,true
AR0016SR,Focal SIPP,4.0,99,0.07306273062730627,1.0833333333333333,true
AR0016SR,W-SIPP Dupl,1.1,3501,1.8083677685950412,1.0,true
AR0016SR,W-SIPP Re-exp,1.1,1872,0.9669421487603306,1.0,true
AR0016SR,Focal SIPP,1.1,1804,0.9318181818181818,1.0,true
AR0016SR,W-SIPP Dupl,1.25,2956,1.5268595041322315,1.0,true
AR0016SR,W-SIPP Re-exp,1.25,1743,0.9003099173553719,1.0,true
AR0016SR,Focal SIPP,1.25,1798,0.9287190082644629,1.0,true
AR0016SR,W-SIPP Dupl,1.5,2321,1.1988636363636365,1.0,true
AR0016SR,W-SIPP Re-exp,1.5,1484,0.7665289256198347,1.0,true
AR0016SR,Focal SIPP,1.5,1034,0.5340909090909091,1.0,true
AR0016SR,W-SIPP Dupl,2.0,1597,0.824896694214876,1.0,true
AR0016SR,W-SIPP Re-exp,2.0,1125,0.581095041322314,1.0,true
AR0016SR,Focal SIPP,2.0,650,0.3357438016528926,1.0,true
AR0016SR,W-SIPP Dupl,4.0,668,0.3450413223140496,1.0,true
AR0016SR,W-SIPP Re-exp,4.0,621,0.32076446280991733,1.0,true
AR0016SR,Focal SIPP,4.0,639,0.3300619834710744,1.0,true
AR0016SR,W-SIPP Dupl,1.1,43,1.0,1.0,true
AR0016SR,W-SIPP Re-exp,1.1,43,1.0,1.0,true
AR0016SR,Focal SIPP,1.1,36,0.8372093023255814,1.0,true
AR0016SR,W-SIPP Dupl,1.25,43,1.0,1.0,true
AR0016SR,W-SIPP Re-exp,1.25,43,1.0,1.0,true
AR0016SR,Focal SIPP,1.25,36,0.8372093023255814,1.0,true
AR0016SR,W-SIPP Dupl,1.5,43,1.0,1.0,true
AR0016SR,W-SIPP Re-exp,1.5,43,1.0,1.0,true
AR0016SR,Focal SIPP,1.5,36,0.8372093023255814,1.0,true
AR0016SR,W-SIPP Dupl,2.0,43,1.0,1.0,true
AR0016SR,W-SIPP Re-exp,2.0,43,1.0,1.0,true
AR0016SR,Focal SIPP,2.0,36,0.8372093023255814,1.0,true
AR0016SR,W-SIPP Dupl,4.0,43,1.0,1.0571428571428572,true
AR0016SR,W-SIPP Re-exp,4.0,43,1.0,1.0571428571428572,true
AR0016SR,Focal SIPP,4.0,36,0.8372093023255814,1.0,true
AR0016SR,W-SIPP Dupl,1.1,391,0.5290933694181326,1.035294117647059,true
AR0016SR,W-SIPP Re-exp,1.1,391,0.5290933694181326,1.035294117647059,true
AR0016SR,Focal SIPP,1.1,85,0.11502029769959404,1.035294117647059,true
AR0016SR,W-SIPP Dupl,1.25,296,0.40054127198917455,1.0588235294117647,true
AR0016SR,W-SIPP Re-exp,1.25,285,0.38565629228687415,1.035294117647059,true
AR0016SR,Focal SIPP,1.25,85,0.11502029769959404,1.035294117647059,true
AR0016SR,W-SIPP Dupl,1.5,210,0.28416779431664413,1.0588235294117647,true
AR0016SR,W-SIPP Re-exp,1.5,263,0.35588633288227334,1.0588235294117647,true
AR0016SR,Focal SIPP,1.5,85,0.11502029769959404,1.035294117647059,true
AR0016SR,W-SIPP Dupl,2.0,197,0.2665764546684709,1.1058823529411765,true
AR0016SR,W-SIPP Re-exp,2.0,288,0.38971583220568334,1.0823529411764705,true
AR0016SR,Focal SIPP,2.0,85,0.11502029769959404,1.035294117647059,true
AR0016SR,W-SIPP Dupl,4.0,157,0.2124492557510149,1.2,true
AR0016SR,W-SIPP Re-exp,4.0,160,0.2165087956698241,1.2,true
AR0016SR,Focal SIPP,4.0,85,0.11502029769959404,1.035294117647059,true
AR0016SR,W-SIPP Dupl,1.1,1054,1.619047619047619,1.0,true
AR0016SR,W-SIPP Re-exp,1.1,605,0.9293394777265745,1.0,true
AR0016SR,Focal SIPP,1.1,715,1.098310291858679,1.0,true
AR0016SR,W-SIPP Dupl,1.25,626,0.9615975422427036,1.0,true
AR0016SR,W-SIPP Re-exp,1.25,454,0.6973886328725039,1.0,true
AR0016SR,Focal SIPP,1.25,964,1.4807987711213517,1.2833333333333334,true
AR0016SR,W-SIPP Dupl,1.5,199,0.30568356374807987,1.0,true
AR0016SR,W-SIPP Re-exp,1.5,235,0.36098310291858676,1.0,true
AR0016SR,Focal SIPP,1.5,1316,2.021505376344086,1.2833333333333334,true
AR0016SR,W-SIPP Dupl,2.0,171,0.2626728110599078,1.0,true
AR0016SR,W-SIPP Re-exp,2.0,204,0.31336405529953915,1.0,true
AR0016SR,Focal SIPP,2.0,283,0.434715821812596,1.2833333333333334,true
AR0016SR,W-SIPP Dupl,4.0,279,0.42857142857142855,1.3166666666666667,true
AR0016SR,W-SIPP Re-exp,4.0,301,0.46236559139784944,1.2833333333333334,true
AR0016SR,Focal SIPP,4.0,78,0.11981566820276497,1.6333333333333333,true
AR0016SR,W-SIPP Dupl,1.1,97,1.515625,1.0,true
AR0016SR,W-SIPP Re-exp,1.1,64,1.0,1.0,true
AR0016SR,Focal SIPP,1.1,49,0.765625,1.0,true
AR0016SR,W-SIPP Dupl,1.25,89,1.390625,1.0,true
AR0016SR,W-SIPP Re-exp,1.25,61,0.953125,1.0,true
AR0016SR,Focal SIPP,1.25,60,0.9375,1.0,true
AR0016SR,W-SIPP Dupl,1.5,74,1.15625,1.0,true
AR0016SR,W-SIPP Re-exp,1.5,59,0.921875,1.0,true
AR0016SR,Focal SIPP,1.5,37,0.578125,1.0,true
AR0016SR,W-SIPP Dupl,2.0,63,0.984375,1.0,true
AR0016SR,W-SIPP Re-exp,2.0,55,0.859375,1.0,true
AR0016SR,Focal SIPP,2.0,37,0.578125,1.0,true
AR0016SR,W-SIPP Dupl,4.0,50,0.78125,1.0,true
AR0016SR,W-SIPP Re-exp,4.0,46,0.71875,1.0,true
AR0016SR,Focal SIPP,4.0,37,0.578125,1.0,true
AR0016SR,W-SIPP Dupl,1.1,350,1.5217391304347827,1.0,true
AR0016SR,W-SIPP Re-exp,1.1,188,0.8173913043478261,1.0,true
AR0016SR,Focal SIPP,1.1,183,0.7956521739130434,1.0,true
AR0016SR,W-SIPP Dupl,1.25,133,0.5782608695652174,1.0,true
AR0016SR,W-SIPP Re-exp,1.25,141,0.6130434782608696,1.0,true
AR0016SR,Focal SIPP,1.25,37,0.1608695652173913,1.0,true
AR0016SR,W-SIPP Dupl,1.5,78,0.3391304347826087,1.0526315789473684,true
AR0016SR,W-SIPP Re-exp,1.5,78,0.3391304347826087,1.0526315789473684,true
AR0016SR,Focal SIPP,1.5,37,0.1608695652173913,1.0,true
AR0016SR,W-SIPP Dupl,2.0,85,0.3695652173913043,1.0526315789473684,true
AR0016SR,W-SIPP Re-exp,2.0,82,0.3565217391304348,1.0526315789473684,true
AR0016SR,Focal SIPP,2.0,37,0.1608695652173913,1.0,true
AR0016SR,W-SIPP Dupl,4.0,134,0.5826086956521739,1.131578947368421,true
AR0016SR,W-SIPP Re-exp,4.0,147,0.6391304347826087,1.0526315789473684,true
AR0016SR,Focal SIPP,4.0,37,0.1608695652173913,1.0,true
AR0016SR,W-SIPP Dupl,1.1,719,1.8110831234256928,1.0,true
AR0016SR,W-SIPP Re-exp,1.1,386,0.9722921914357683,1.0,true
AR0016SR,Focal SIPP,1.1,421,1.0604534005037782,1.0,true
AR0016SR,W-SIPP Dupl,1.25,606,1.526448362720403,1.0,true
AR0016SR,W-SIPP Re-exp,1.25,368,0.9269521410579346,1.0,true
AR0016SR,Focal SIPP,1.25,397,1.0,1.0,true
AR0016SR,W-SIPP Dupl,1.5,445,1.1209068010075567,1.0,true
AR0016SR,W-SIPP Re-exp,1.5,341,0.8589420654911839,1.0,true
AR0016SR,Focal SIPP,1.5,274,0.690176322418136,1.0,true
AR0016SR,W-SIPP Dupl,2.0,223,0.5617128463476071,1.0,true
AR0016SR,W-SIPP Re-exp,2.0,265,0.6675062972292192,1.0,true
AR0016SR,Focal SIPP,2.0,494,1.2443324937027709,1.0,true
AR0016SR,W-SIPP Dupl,4.0,70,0.17632241813602015,1.0,true
AR0016SR,W-SIPP Re-exp,4.0,70,0.17632241813602015,1.0,true
AR0016SR,Focal SIPP,4.0,24,0.060453400503778336,1.0,true
AR0016SR,W-SIPP Dupl,1.1,1025,1.7026578073089702,1.0,true
AR0016SR,W-SIPP Re-exp,1.1,564,0.9368770764119602,1.0,true
AR0016SR,Focal SIPP,1.1,608,1.0099667774086378,1.0,true
AR0016SR,W-SIPP Dupl,1.25,842,1.398671096345515,1.0,true
AR0016SR,W-SIPP Re-exp,1.25,497,0.8255813953488372,1.0,true
AR0016SR,Focal SIPP,1.25,427,0.7093023255813954,1.0,true
AR0016SR,W-SIPP Dupl,1.5,634,1.053156146179402,1.0,true
AR0016SR,W-SIPP Re-exp,1.5,408,0.6777408637873754,1.0,true
AR0016SR,Focal SIPP,1.5,370,0.6146179401993356,1.1851851851851851,true
AR0016SR,W-SIPP Dupl,2.0,454,0.7541528239202658,1.0,true
AR0016SR,W-SIPP Re-exp,2.0,354,0.5880398671096345,1.0,true
AR0016SR,Focal SIPP,2.0,253,0.420265780730897,1.0,true
AR0016SR,W-SIPP Dupl,4.0,251,0.4169435215946844,1.0,true
AR0016SR,W-SIPP Re-exp,4.0,271,0.45016611295681064,1.0,true
AR0016SR,Focal SIPP,4.0,55,0.09136212624584718,1.1666666666666667,true
AR0016SR,W-SIPP Dupl,1.1,279,1.3098591549295775,1.0,true
AR0016SR,W-SIPP Re-exp,1.1,163,0.7652582159624414,1.0,true
AR0016SR,Focal SIPP,1.1,227,1.0657276995305165,1.0,true
AR0016SR,W-SIPP Dupl,1.25,180,0.8450704225352113,1.0,true
AR0016SR,W-SIPP Re-exp,1.25,130,0.6103286384976526,1.0,true
AR0016SR,Focal SIPP,1.25,46,0.215962441314554,1.0,true
AR0016SR,W-SIPP Dupl,1.5,78,0.36619718309859156,1.0,true
AR0016SR,W-SIPP Re-exp,1.5,80,0.3755868544600939,1.0,true
AR0016SR,Focal SIPP,1.5,46,0.215962441314554,1.0,true
AR0016SR,W-SIPP Dupl,2.0,49,0.2300469483568075,1.0,true
AR0016SR,W-SIPP Re-exp,2.0,49,0.2300469483568075,1.0,true
AR0016SR,Focal SIPP,2.0,46,0.215962441314554,1.0,true
AR0016SR,W-SIPP Dupl,4.0,49,0.2300469483568075,1.0,true
AR0016SR,W-SIPP Re-exp,4.0,49,0.2300469483568075,1.0,true
AR0016SR,Focal SIPP,4.0,46,0.215962441314554,1.0,true
AR0016SR,W-SIPP Dupl,1.1,405,1.6735537190082646,1.0,true
AR0016SR,W-SIPP Re-exp,1.1,235,0.9710743801652892,1.0,true
AR0016SR,Focal SIPP,1.1,238,0.9834710743801653,1.0392156862745099,true
AR0016SR,W-SIPP Dupl,1.25,310,1.28099173553719,1.0,true
AR0016SR,W-SIPP Re-exp,1.25,219,0.9049586776859504,1.0,true
AR0016SR,Focal SIPP,1.25,178,0.7355371900826446,1.0,true
AR0016SR,W-SIPP Dupl,1.5,231,0.9545454545454546,1.0392156862745099,true
AR0016SR,W-SIPP Re-exp,1.5,168,0.6942148760330579,1.0392156862745099,true
AR0016SR,Focal SIPP,1.5,139,0.5743801652892562,1.0,true
AR0016SR,W-SIPP Dupl,2.0,462,1.9090909090909092,1.0392156862745099,true
AR0016SR,W-SIPP Re-exp,2.0,125,0.5165289256198347,1.0392156862745099,true
AR0016SR,Focal SIPP,2.0,51,0.21074380165289255,1.0,true
AR0016SR,W-SIPP Dupl,4.0,470,1.9421487603305785,1.9019607843137254,true
AR0016SR,W-SIPP Re-exp,4.0,90,0.371900826446281,1.0392156862745099,true
AR0016SR,Focal SIPP,4.0,51,0.21074380165289255,1.0,true
AR0016SR,W-SIPP Dupl,1.1,1168,1.5429326287978864,1.0,true
AR0016SR,W-SIPP Re-exp,1.1,660,0.8718626155878467,1.0,true
AR0016SR,Focal SIPP,1.1,930,1.228533685601057,1.0,true
AR0016SR,W-SIPP Dupl,1.25,604,0.797886393659181,1.0,true
AR0016SR,W-SIPP Re-exp,1.25,554,0.7318361955085865,1.0,true
AR0016SR,Focal SIPP,1.25,309,0.4081902245706737,1.0,true
AR0016SR,W-SIPP Dupl,1.5,160,0.21136063408190225,1.0,true
AR0016SR,W-SIPP Re-exp,1.5,142,0.18758256274768825,1.0,true
AR0016SR,Focal SIPP,1.5,1144,1.511228533685601,1.0,true
AR0016SR,W-SIPP Dupl,2.0,102,0.13474240422721268,1.0,true
AR0016SR,W-SIPP Re-exp,2.0,110,0.1453104359313078,1.0,true
AR0016SR,Focal SIPP,2.0,45,0.059445178335535004,1.0,true
AR0016SR,W-SIPP Dupl,4.0,69,0.09114927344782034,1.08,true
AR0016SR,W-SIPP Re-exp,4.0,92,0.1215323645970938,1.08,true
AR0016SR,Focal SIPP,4.0,45,0.059445178335535004,1.0,true
AR0016SR,W-SIPP Dupl,1.1,2185,1.7550200803212852,1.0,true
AR0016SR,W-SIPP Re-exp,1.1,1205,0.9678714859437751,1.0,true
AR0016SR,Focal SIPP,1.1,1444,1.1598393574297188,1.0,true
AR0016SR,W-SIPP Dupl,1.25,1968,1.580722891566265,1.0,true
AR0016SR,W-SIPP Re-exp,1.25,1154,0.9269076305220884,1.0,true
AR0016SR,Focal SIPP,1.25,1948,1.5646586345381526,1.0,true
AR0016SR,W-SIPP Dupl,1.5,1484,1.1919678714859439,1.0,true
AR0016SR,W-SIPP Re-exp,1.5,1149,0.9228915662650602,1.0,true
AR0016SR,Focal SIPP,1.5,2727,2.1903614457831324,1.0,true
AR0016SR,W-SIPP Dupl,2.0,681,0.5469879518072289,1.0,true
AR0016SR,W-SIPP Re-exp,2.0,1054,0.8465863453815261,1.0,true
AR0016SR,Focal SIPP,2.0,449,0.3606425702811245,1.0,true
AR0016SR,W-SIPP Dupl,4.0,375,0.30120481927710846,1.0,true
AR0016SR,W-SIPP Re-exp,4.0,703,0.5646586345381526,1.0,true
AR0016SR,Focal SIPP,4.0,559,0.44899598393574297,1.0,true
AR0016SR,W-SIPP Dupl,1.1,2641,1.76184122748499,1.0,true
AR0016SR,W-SIPP Re-exp,1.1,1395,0.9306204136090727,1.0,true
AR0016SR,Focal SIPP,1.1,1613,1.076050700466978,1.0,true
AR0016SR,W-SIPP Dupl,1.25,2186,1.4583055370246831,1.0,true
AR0016SR,W-SIPP Re-exp,1.25,1274,0.8498999332888593,1.0,true
AR0016SR,Focal SIPP,1.25,1292,0.8619079386257505,1.0,true
AR0016SR,W-SIPP Dupl,1.5,1631,1.0880587058038693,1.0,true
AR0016SR,W-SIPP Re-exp,1.5,1139,0.7598398932621748,1.0,true
AR0016SR,Focal SIPP,1.5,1966,1.3115410273515677,1.0,true
AR0016SR,W-SIPP Dupl,2.0,789,0.5263509006004002,1.0,true
AR0016SR,W-SIPP Re-exp,2.0,814,0.543028685790527,1.0,true
AR0016SR,Focal SIPP,2.0,1699,1.133422281521014,1.0,true
AR0016SR,W-SIPP Dupl,4.0,165,0.11007338225483655,1.0,true
AR0016SR,W-SIPP Re-exp,4.0,172,0.11474316210807205,1.0,true
AR0016SR,Focal SIPP,4.0,37,0.024683122081387593,1.0,true
AR0016SR,W-SIPP Dupl,1.1,723,1.8350253807106598,1.0,true
AR0016SR,W-SIPP Re-exp,1.1,381,0.9670050761421319,1.0,true
AR0016SR,Focal SIPP,1.1,363,0.9213197969543148,1.0,true
AR0016SR,W-SIPP Dupl,1.25,597,1.515228426395939,1.0,true
AR0016SR,W-SIPP Re-exp,1.25,344,0.8730964467005076,1.0,true
AR0016SR,Focal SIPP,1.25,365,0.9263959390862944,1.0,true
AR0016SR,W-SIPP Dupl,1.5,472,1.1979695431472082,1.0,true
AR0016SR,W-SIPP Re-exp,1.5,295,0.748730964467005,1.0,true
AR0016SR,Focal SIPP,1.5,445,1.1294416243654823,1.0,true
AR0016SR,W-SIPP Dupl,2.0,332,0.8426395939086294,1.0,true
AR0016SR,W-SIPP Re-exp,2.0,228,0.5786802030456852,1.0,true
AR0016SR,Focal SIPP,2.0,157,0.39847715736040606,1.0,true
AR0016SR,W-SIPP Dupl,4.0,96,0.2436548223350254,1.0,true
AR0016SR,W-SIPP Re-exp,4.0,119,0.3020304568527919,1.0,true
AR0016SR,Focal SIPP,4.0,11,0.027918781725888325,1.0,true
AR0016SR,W-SIPP Dupl,1.1,3673,1.7507149666348905,1.0,true
AR0016SR,W-SIPP Re-exp,1.1,1974,0.9408960915157293,1.0,true
AR0016SR,Focal SIPP,1.1,2236,1.0657769304099143,1.0,true
AR0016SR,W-SIPP Dupl,1.25,2987,1.4237368922783604,1.0,true
AR0016SR,W-SIPP Re-exp,1.25,1767,0.842230695900858,1.0,true
AR0016SR,Focal SIPP,1.25,2154,1.0266920877025738,1.0,true
AR0016SR,W-SIPP Dupl,1.5,2142,1.0209723546234508,1.0,true
AR0016SR,W-SIPP Re-exp,1.5,1603,0.7640610104861774,1.0,true
AR0016SR,Focal SIPP,1.5,2231,1.063393708293613,1.0,true
AR0016SR,W-SIPP Dupl,2.0,600,0.2859866539561487,1.0,true
AR0016SR,W-SIPP Re-exp,2.0,865,0.4122974261201144,1.0,true
AR0016SR,Focal SIPP,2.0,47,0.022402287893231648,1.0,true
AR0016SR,W-SIPP Dupl,4.0,155,0.07387988560533841,1.0,true
AR0016SR,W-SIPP Re-exp,4.0,204,0.09723546234509056,1.0,true
AR0016SR,Focal SIPP,4.0,47,0.022402287893231648,1.0,true
AR0016SR,W-SIPP Dupl,1.1,2005,1.6208569118835894,1.0,true
AR0016SR,W-SIPP Re-exp,1.1,1095,0.8852061438965239,1.0,true
AR0016SR,Focal SIPP,1.1,1077,0.8706548100242523,1.0,true
AR0016SR,W-SIPP Dupl,1.25,1504,1.2158447857720291,1.0,true
AR0016SR,W-SIPP Re-exp,1.25,999,0.8075990299110751,1.0,true
AR0016SR,Focal SIPP,1.25,709,0.5731608730800324,1.0,true
AR0016SR,W-SIPP Dupl,1.5,935,0.7558609539207761,1.0,true
AR0016SR,W-SIPP Re-exp,1.5,762,0.6160064672594988,1.0,true
AR0016SR,Focal SIPP,1.5,671,0.5424413904607922,1.0,true
AR0016SR,W-SIPP Dupl,2.0,442,0.35731608730800324,1.0,true
AR0016SR,W-SIPP Re-exp,2.0,658,0.5319320937752627,1.0,true
AR0016SR,Focal SIPP,2.0,68,0.0549717057396928,1.0,true
AR0016SR,W-SIPP Dupl,4.0,201,0.16248989490703314,1.0,true
AR0016SR,W-SIPP Re-exp,4.0,265,0.21422797089733225,1.0,true
AR0016SR,Focal SIPP,4.0,68,0.0549717057396928,1.0,true
AR0016SR,W-SIPP Dupl,1.1,1989,1.510250569476082,1.0,true
AR0016SR,W-SIPP Re-exp,1.1,1335,1.0136674259681093,1.0,true
AR0016SR,Focal SIPP,1.1,1734,1.316628701594533,1.0,true
AR0016SR,W-SIPP Dupl,1.25,1205,0.914958238420653,1.0,true
AR0016SR,W-SIPP Re-exp,1.25,1219,0.9255884586180714,1.0,true
AR0016SR,Focal SIPP,1.25,2638,2.003037205770691,1.0,true
AR0016SR,W-SIPP Dupl,1.5,465,0.3530751708428246,1.0,true
AR0016SR,W-SIPP Re-exp,1.5,499,0.3788914198936978,1.0,true
AR0016SR,Focal SIPP,1.5,84,0.06378132118451026,1.0,true
AR0016SR,W-SIPP Dupl,2.0,172,0.13059984813971146,1.0,true
AR0016SR,W-SIPP Re-exp,2.0,173,0.1313591495823842,1.0,true
AR0016SR,Focal SIPP,2.0,84,0.06378132118451026,1.0,true
AR0016SR,W-SIPP Dupl,4.0,107,0.0812452543659833,1.0,true
AR0016SR,W-SIPP Re-exp,4.0,110,0.08352315869400152,1.0,true
AR0016SR,Focal SIPP,4.0,84,0.06378132118451026,1.0,true
AR0016SR,W-SIPP Dupl,1.1,1833,1.771014492753623,1.0,true
AR0016SR,W-SIPP Re-exp,1.1,987,0.9536231884057971,1.0,true
AR0016SR,Focal SIPP,1.1,1012,0.9777777777777777,1.0,true
AR0016SR,W-SIPP Dupl,1.25,1656,1.6,1.0,true
AR0016SR,W-SIPP Re-exp,1.25,956,0.923671497584541,1.0,true
AR0016SR,Focal SIPP,1.25,1037,1.0019323671497584,1.0,true
AR0016SR,W-SIPP Dupl,1.5,1403,1.3555555555555556,1.0,true
AR0016SR,W-SIPP Re-exp,1.5,904,0.8734299516908213,1.0,true
AR0016SR,Focal SIPP,1.5,959,0.9265700483091788,1.0,true
AR0016SR,W-SIPP Dupl,2.0,1000,0.966183574879227,1.0,true
AR0016SR,W-SIPP Re-exp,2.0,812,0.7845410628019324,1.0,true
AR0016SR,Focal SIPP,2.0,78,0.07536231884057971,1.0,true
AR0016SR,W-SIPP Dupl,4.0,211,0.2038647342995169,1.0,true
AR0016SR,W-SIPP Re-exp,4.0,265,0.2560386473429952,1.0,true
AR0016SR,Focal SIPP,4.0,78,0.07536231884057971,1.0,true
AR0016SR,W-SIPP Dupl,1.1,821,1.7139874739039667,1.0,true
AR0016SR,W-SIPP Re-exp,1.1,457,0.954070981210856,1.0,true
AR0016SR,Focal SIPP,1.1,417,0.8705636743215032,1.0,true
AR0016SR,W-SIPP Dupl,1.25,643,1.3423799582463465,1.0,true
AR0016SR,W-SIPP Re-exp,1.25,406,0.8475991649269311,1.0,true
AR0016SR,Focal SIPP,1.25,313,0.6534446764091858,1.0,true
AR0016SR,W-SIPP Dupl,1.5,425,0.8872651356993737,1.0,true
AR0016SR,W-SIPP Re-exp,1.5,322,0.6722338204592901,1.0,true
AR0016SR,Focal SIPP,1.5,66,0.13778705636743216,1.0,true
AR0016SR,W-SIPP Dupl,2.0,132,0.2755741127348643,1.0,true
AR0016SR,W-SIPP Re-exp,2.0,152,0.3173277661795407,1.0,true
AR0016SR,Focal SIPP,2.0,75,0.15657620041753653,1.0,true
AR0016SR,W-SIPP Dupl,4.0,75,0.15657620041753653,1.0,true
AR0016SR,W-SIPP Re-exp,4.0,76,0.15866388308977036,1.0,true
AR0016SR,Focal SIPP,4.0,75,0.15657620041753653,1.0,true
AR0016SR,W-SIPP Dupl,1.1,72,1.0,1.0,true
AR0016SR,W-SIPP Re-exp,1.1,72,1.0,1.0,true
AR0016SR,Focal SIPP,1.1,56,0.7777777777777778,1.037037037037037,true
AR0016SR,W-SIPP Dupl,1.25,72,1.0,1.0,true
AR0016SR,W-SIPP Re-exp,1.25,72,1.0,1.0,true
AR0016SR,Focal SIPP,1.25,56,0.7777777777777778,1.037037037037037,true
AR0016SR,W-SIPP Dupl,1.5,65,0.9027777777777778,1.037037037037037,true
AR0016SR,W-SIPP Re-exp,1.5,65,0.9027777777777778,1.037037037037037,true
AR0016SR,Focal SIPP,1.5,56,0.7777777777777778,1.037037037037037,true
AR0016SR,W-SIPP Dupl,2.0,65,0.9027777777777778,1.037037037037037,true
AR0016SR,W-SIPP Re-exp,2.0,68,0.9444444444444444,1.037037037037037,true
AR0016SR,Focal SIPP,2.0,56,0.7777777777777778,1.037037037037037,true
AR0016SR,W-SIPP Dupl,4.0,70,0.9722222222222222,1.1851851851851851,true
AR0016SR,W-SIPP Re-exp,4.0,70,0.9722222222222222,1.1851851851851851,true
AR0016SR,Focal SIPP,4.0,56,0.7777777777777778,1.037037037037037,true
AR0016SR,W-SIPP Dupl,1.1,1084,1.8006644518272426,1.0,true
AR0016SR,W-SIPP Re-exp,1.1,622,1.0332225913621262,1.0,true
AR0016SR,Focal SIPP,1.1,813,1.350498338870432,1.0,true
AR0016SR,W-SIPP Dupl,1.25,948,1.5747508305647842,1.0,true
AR0016SR,W-SIPP Re-exp,1.25,693,1.1511627906976745,1.0,true
AR0016SR,Focal SIPP,1.25,69,0.11461794019933555,1.0,true
AR0016SR,W-SIPP Dupl,1.5,707,1.1744186046511629,1.0,true
AR0016SR,W-SIPP Re-exp,1.5,816,1.3554817275747508,1.0,true
AR0016SR,Focal SIPP,1.5,69,0.11461794019933555,1.0,true
AR0016SR,W-SIPP Dupl,2.0,565,0.9385382059800664,1.3714285714285714,true
AR0016SR,W-SIPP Re-exp,2.0,685,1.1378737541528239,1.3714285714285714,true
AR0016SR,Focal SIPP,2.0,69,0.11461794019933555,1.0,true
AR0016SR,W-SIPP Dupl,4.0,318,0.5282392026578073,1.4285714285714286,true
AR0016SR,W-SIPP Re-exp,4.0,446,0.7408637873754153,1.4285714285714286,true
AR0016SR,Focal SIPP,4.0,69,0.11461794019933555,1.0,true
AR0016SR,W-SIPP Dupl,1.1,426,1.5323741007194245,1.0,true
AR0016SR,W-SIPP Re-exp,1.1,250,0.8992805755395683,1.0,true
AR0016SR,Focal SIPP,1.1,275,0.9892086330935251,1.0285714285714285,true
AR0016SR,W-SIPP Dupl,1.25,284,1.0215827338129497,1.0,true
AR0016SR,W-SIPP Re-exp,1.25,210,0.7553956834532374,1.0,true
AR0016SR,Focal SIPP,1.25,75,0.2697841726618705,1.0285714285714285,true
AR0016SR,W-SIPP Dupl,1.5,166,0.5971223021582733,1.0,true
AR0016SR,W-SIPP Re-exp,1.5,197,0.7086330935251799,1.0,true
AR0016SR,Focal SIPP,1.5,75,0.2697841726618705,1.0285714285714285,true
AR0016SR,W-SIPP Dupl,2.0,115,0.4136690647482014,1.0285714285714285,true
AR0016SR,W-SIPP Re-exp,2.0,119,0.42805755395683454,1.0285714285714285,true
AR0016SR,Focal SIPP,2.0,75,0.2697841726618705,1.0285714285714285,true
AR0016SR,W-SIPP Dupl,4.0,100,0.3597122302158273,1.0285714285714285,true
AR0016SR,W-SIPP Re-exp,4.0,113,0.4064748201438849,1.0285714285714285,true
AR0016SR,Focal SIPP,4.0,75,0.2697841726618705,1.0285714285714285,true
AR0016SR,W-SIPP Dupl,1.1,570,1.5573770491803278,1.0,true
AR0016SR,W-SIPP Re-exp,1.1,342,0.9344262295081968,1.0,true
AR0016SR,Focal SIPP,1.1,418,1.1420765027322404,1.0,true
AR0016SR,W-SIPP Dupl,1.25,278,0.7595628415300546,1.0,true
AR0016SR,W-SIPP Re-exp,1.25,265,0.7240437158469946,1.0,true
AR0016SR,Focal SIPP,1.25,727,1.9863387978142077,1.0,true
AR0016SR,W-SIPP Dupl,1.5,161,0.43989071038251365,1.0,true
AR0016SR,W-SIPP Re-exp,1.5,142,0.3879781420765027,1.0,true
AR0016SR,Focal SIPP,1.5,546,1.4918032786885247,1.0,true
AR0016SR,W-SIPP Dupl,2.0,94,0.2568306010928962,1.0,true
AR0016SR,W-SIPP Re-exp,2.0,94,0.2568306010928962,1.0,true
AR0016SR,Focal SIPP,2.0,42,0.11475409836065574,1.0,true
AR0016SR,W-SIPP Dupl,4.0,57,0.1557377049180328,1.0,true
AR0016SR,W-SIPP Re-exp,4.0,50,0.1366120218579235,1.0,true
AR0016SR,Focal SIPP,4.0,42,0.11475409836065574,1.0,true
AR0016SR,W-SIPP Dupl,1.1,18,1.0,1.0,true
AR0016SR,W-SIPP Re-exp,1.1,18,1.0,1.0,true
AR0016SR,Focal SIPP,1.1,18,1.0,1.0,true
AR0016SR,W-SIPP Dupl,1.25,18,1.0,1.0,true
AR0016SR,W-SIPP Re-exp,1.25,18,1.0,1.0,true
AR0016SR,Focal SIPP,1.25,18,1.0,1.0,true
AR0016SR,W-SIPP Dupl,1.5,18,1.0,1.0,true
AR0016SR,W-SIPP Re-exp,1.5,18,1.0,1.0,true
AR0016SR,Focal SIPP,1.5,18,1.0,1.0,true
AR0016SR,W-SIPP Dupl,2.0,18,1.0,1.0,true
AR0016SR,W-SIPP Re-exp,2.0,18,1.0,1.0,true
AR0016SR,Focal SIPP,2.0,18,1.0,1.0,true
AR0016SR,W-SIPP Dupl,4.0,18,1.0,1.0,true
AR0016SR,W-SIPP Re-exp,4.0,18,1.0,1.0,true
AR0016SR,Focal SIPP,4.0,18,1.0,1.0,true
AR0016SR,W-SIPP Dupl,1.1,904,1.6960600375234522,1.0,true
AR0016SR,W-SIPP Re-exp,1.1,505,0.9474671669793621,1.0,true
AR0016SR,Focal SIPP,1.1,628,1.1782363977485928,1.03125,true
AR0016SR,W-SIPP Dupl,1.25,757,1.4202626641651033,1.0,true
AR0016SR,W-SIPP Re-exp,1.25,467,0.8761726078799249,1.0,true
AR0016SR,Focal SIPP,1.25,253,0.474671669793621,1.015625,true
AR0016SR,W-SIPP Dupl,1.5,489,0.9174484052532833,1.0,true
AR0016SR,W-SIPP Re-exp,1.5,435,0.8161350844277674,1.0,true
AR0016SR,Focal SIPP,1.5,823,1.5440900562851783,1.03125,true
AR0016SR,W-SIPP Dupl,2.0,297,0.5572232645403377,1.03125,true
AR0016SR,W-SIPP Re-exp,2.0,351,0.6585365853658537,1.0,true
AR0016SR,Focal SIPP,2.0,64,0.1200750469043152,1.03125,true
AR0016SR,W-SIPP Dupl,4.0,202,0.3789868667917448,1.03125,true
AR0016SR,W-SIPP Re-exp,4.0,206,0.38649155722326456,1.03125,true
AR0016SR,Focal SIPP,4.0,64,0.1200750469043152,1.03125,true
AR0016SR,W-SIPP Dupl,1.1,4520,1.8794178794178795,1.0,true
AR0016SR,W-SIPP Re-exp,1.1,2335,0.9708939708939709,1.0,true
AR0016SR,Focal SIPP,1.1,2368,0.9846153846153847,1.0,true
AR0016SR,W-SIPP Dupl,1.25,4049,1.6835758835758836,1.0,true
AR0016SR,W-SIPP Re-exp,1.25,2228,0.9264033264033265,1.0,true
AR0016SR,Focal SIPP,1.25,2704,1.1243243243243244,1.0,true
AR0016SR,W-SIPP Dupl,1.5,3335,1.3866943866943866,1.0,true
AR0016SR,W-SIPP Re-exp,1.5,2022,0.8407484407484408,1.0,true
AR0016SR,Focal SIPP,1.5,1633,0.679002079002079,1.0,true
AR0016SR,W-SIPP Dupl,2.0,2246,0.9338877338877339,1.0,true
AR0016SR,W-SIPP Re-exp,2.0,1719,0.7147609147609147,1.0,true
AR0016SR,Focal SIPP,2.0,1956,0.8133056133056134,1.0,true
AR0016SR,W-SIPP Dupl,4.0,699,0.29064449064449066,1.0,true
AR0016SR,W-SIPP Re-exp,4.0,790,0.3284823284823285,1.0,true
AR0016SR,Focal SIPP,4.0,2093,0.8702702702702703,1.0,true
